disaster_type,global_disaster_count,global_disaster_pct
Cyclone,1149,0.1802918562686333
Earthquake,1799,0.2822846383179037
Flood,2024,0.31758983210418956
Landslide,1401,0.2198336733092735
