{
  "best_combo": "Ensemble",
  "w_rf": 0.33357180442443735,
  "w_gb": 0.32761089259784476,
  "w_lr": 0.338817302977718,
  "threshold": 0.93,
  "thresh_f1": 0.19,
  "thresh_prec": 0.02,
  "thresh_recall": 0.93,
  "auc_rf": 0.9554445159568906,
  "auc_gb": 0.9383707691974861,
  "auc_lr": 0.9704691156374283,
  "auc_best": 0.9715390980778176
}